SET SQL_MODE = "NO_AUTO_VALUE_ON_ZERO";
START TRANSACTION;

SET GLOBAL time_zone = '+08:00';
SET @@session.time_zone = '+08:00';

SET time_zone = "+08:00";

/*!40101 SET @OLD_CHARACTER_SET_CLIENT=@@CHARACTER_SET_CLIENT */;
/*!40101 SET @OLD_CHARACTER_SET_RESULTS=@@CHARACTER_SET_RESULTS */;
/*!40101 SET @OLD_COLLATION_CONNECTION=@@COLLATION_CONNECTION */;
/*!40101 SET NAMES utf8mb4 */;

--
-- Database: `imxrcwki_project_test_qrattendance`
--

-- --------------------------------------------------------

--
-- Table structure for table `attendance`
--

CREATE TABLE `attendance` (
  `id` int(11) NOT NULL,
  `enrollment_no` int(255) NOT NULL,
  `date` date NOT NULL,
  `day` text NOT NULL,
  `subject_code` int(11) NOT NULL,
  `slot` int(11) NOT NULL,
  `batch` text NOT NULL,
  `branch` text NOT NULL,
  `semester` int(11) DEFAULT NULL,
  `time` text NOT NULL,
  `ip_address` longtext DEFAULT NULL
) ENGINE=InnoDB DEFAULT CHARSET=utf8mb4 COLLATE=utf8mb4_general_ci;

-- Dumping data for table `attendance`
--

INSERT INTO `attendance` (`id`, `enrollment_no`, `date`, `day`, `subject_code`, `slot`, `batch`, `branch`, `semester`, `time`, `ip_address`) VALUES
(49, 147501, '2024-08-08', 'Thursday', 1, 1, 'A1', 'Computer Engineering', 1, '03:55:54 pm', '152.57.104.48'),
(50, 147502, '2024-08-08', 'Thursday', 1, 1, 'A1', 'Computer Engineering', 1, '03:56:45 pm', '59.184.29.71'),
(51, 147501, '2024-08-08', 'Thursday', 2, 2, 'A1', 'Computer Engineering', 1, '03:57:54 pm', '152.57.117.119'),
(52, 147502, '2024-08-08', 'Thursday', 2, 2, 'A1', 'Computer Engineering', 1, '06:37:39 pm', '152.57.126.77');

-- --------------------------------------------------------

--
-- Table structure for table `attendance_noti`
--

CREATE TABLE `attendance_noti` (
  `id` int(11) NOT NULL,
  `enrollment_no` int(255) NOT NULL,
  `date` text NOT NULL,
  `day` text NOT NULL,
  `subject_code` int(11) NOT NULL,
  `slot` int(11) NOT NULL,
  `batch` text NOT NULL,
  `branch` text NOT NULL,
  `semester` int(11) DEFAULT NULL,
  `time` text NOT NULL,
  `ip_address` longtext DEFAULT NULL,
  `is_read` int(11) DEFAULT 0
) ENGINE=InnoDB DEFAULT CHARSET=utf8mb4 COLLATE=utf8mb4_general_ci ROW_FORMAT=DYNAMIC;

-- --------------------------------------------------------

--
-- Table structure for table `settings`
--

CREATE TABLE `settings` (
  `id` int(11) DEFAULT NULL,
  `location` text DEFAULT NULL,
  `lat` text DEFAULT NULL,
  `lon` text DEFAULT NULL,
  `covarage` text DEFAULT NULL
) ENGINE=InnoDB DEFAULT CHARSET=latin1 COLLATE=latin1_swedish_ci;

--
-- Dumping data for table `settings`
--

INSERT INTO `settings` (`id`, `location`, `lat`, `lon`, `covarage`) VALUES
(1, 'Alta Vista 2 Street', '14.678521', '121.005937', '0.5');

-- --------------------------------------------------------

--
-- Table structure for table `students`
--

CREATE TABLE `students` (
  `enrollment_no` int(11) NOT NULL,
  `name` text NOT NULL,
  `semester` int(11) NOT NULL,
  `branch` text NOT NULL,
  `roll_no` int(11) NOT NULL,
  `batch` text NOT NULL,
  `password` text NOT NULL,
  `pic` text DEFAULT NULL
) ENGINE=InnoDB DEFAULT CHARSET=utf8mb4 COLLATE=utf8mb4_general_ci;

--
-- Dumping data for table `students`
--

INSERT INTO `students` (`enrollment_no`, `name`, `semester`, `branch`, `roll_no`, `batch`, `password`, `pic`) VALUES
(147501, 'Jayesh Gavale', 1, 'Computer Engineering', 1, 'A1', '123', NULL),
(147502, 'Tejas Chaudhari', 1, 'Computer Engineering', 2, 'A1', '123', NULL);

-- --------------------------------------------------------

--
-- Table structure for table `subjects`
--

CREATE TABLE `subjects` (
  `subject_code` int(11) NOT NULL,
  `name` text NOT NULL,
  `abbreviation` text NOT NULL,
  `semester` int(11) NOT NULL,
  `branch` text NOT NULL,
  `teacher_id` int(11) NOT NULL
) ENGINE=InnoDB DEFAULT CHARSET=utf8mb4 COLLATE=utf8mb4_general_ci;

--
-- Dumping data for table `subjects`
--

INSERT INTO `subjects` (`subject_code`, `name`, `abbreviation`, `semester`, `branch`, `teacher_id`) VALUES
(1, 'DBMS', 'DBMS', 1, 'Computer Engineering', 3),
(2, 'Java', 'JAVA', 1, 'Computer Engineering', 3);

-- --------------------------------------------------------

--
-- Table structure for table `teachers`
--

CREATE TABLE `teachers` (
  `id` int(11) NOT NULL,
  `name` text NOT NULL,
  `education` text NOT NULL,
  `designation` text NOT NULL,
  `branch` text NOT NULL,
  `password` text NOT NULL
) ENGINE=InnoDB DEFAULT CHARSET=utf8mb4 COLLATE=utf8mb4_general_ci;

--
-- Dumping data for table `teachers`
--

INSERT INTO `teachers` (`id`, `name`, `education`, `designation`, `branch`, `password`) VALUES
(3, 'Sandip Vende', 'M.E/M.Tech', 'Professor', 'Computer Engineering', '123');

-- --------------------------------------------------------

--
-- Table structure for table `timetable`
--

CREATE TABLE `timetable` (
  `id` int(11) NOT NULL,
  `semester` int(11) NOT NULL,
  `batch` text NOT NULL,
  `branch` text DEFAULT NULL,
  `day` text NOT NULL,
  `slot` int(11) NOT NULL,
  `slotlabel` text DEFAULT NULL,
  `subject_code` int(11) NOT NULL,
  `academic_year` text NOT NULL
) ENGINE=InnoDB DEFAULT CHARSET=utf8mb4 COLLATE=utf8mb4_general_ci;

--
-- Dumping data for table `timetable`
--

INSERT INTO `timetable` (`id`, `semester`, `batch`, `branch`, `day`, `slot`, `slotlabel`, `subject_code`, `academic_year`) VALUES
(163, 1, 'A1', 'Computer Engineering', 'Monday', 1, '11:00 AM To 12:00 PM', 2, '2024-25'),
(164, 1, 'A1', 'Computer Engineering', 'Tuesday', 1, '11:00 AM To 12:00 PM', 1, '2024-25'),
(165, 1, 'A1', 'Computer Engineering', 'Wednesday', 1, '11:00 AM To 12:00 PM', 1, '2024-25'),
(166, 1, 'A1', 'Computer Engineering', 'Thursday', 1, '11:00 AM To 12:00 PM', 1, '2024-25'),
(167, 1, 'A1', 'Computer Engineering', 'Friday', 1, '11:00 AM To 12:00 PM', 1, '2024-25'),
(168, 1, 'A1', 'Computer Engineering', 'Saturday', 1, '11:00 AM To 12:00 PM', 2, '2024-25'),
(169, 1, 'A1', 'Computer Engineering', 'Monday', 2, '1:00 PM To 2:00 PM', 1, '2024-25'),
(170, 1, 'A1', 'Computer Engineering', 'Tuesday', 2, '1:00 PM To 2:00 PM', 2, '2024-25'),
(171, 1, 'A1', 'Computer Engineering', 'Wednesday', 2, '1:00 PM To 2:00 PM', 2, '2024-25'),
(172, 1, 'A1', 'Computer Engineering', 'Thursday', 2, '1:00 PM To 2:00 PM', 2, '2024-25'),
(173, 1, 'A1', 'Computer Engineering', 'Friday', 2, '1:00 PM To 2:00 PM', 2, '2024-25'),
(174, 1, 'A1', 'Computer Engineering', 'Saturday', 2, '1:00 PM To 2:00 PM', 1, '2024-25');

-- --------------------------------------------------------

--
-- Table structure for table `users`
--

CREATE TABLE `users` (
  `user_id` int(11) NOT NULL,
  `username` text NOT NULL,
  `password` text NOT NULL,
  `user_type` text NOT NULL,
  `status` int(11) NOT NULL
) ENGINE=InnoDB DEFAULT CHARSET=utf8mb4 COLLATE=utf8mb4_general_ci;

--
-- Dumping data for table `users`
--

INSERT INTO `users` (`user_id`, `username`, `password`, `user_type`, `status`) VALUES
(1, 'admin', '$2y$10$m62rGFcy.z6I0xvDBp4qSu88SQatgUSTGr6UpuD9wxrOefLoMcRQ.', 'ADMIN', 1);

--
-- Indexes for dumped tables
--

--
-- Indexes for table `attendance`
--
ALTER TABLE `attendance`
  ADD PRIMARY KEY (`id`);

--
-- Indexes for table `attendance_noti`
--
ALTER TABLE `attendance_noti`
  ADD PRIMARY KEY (`id`) USING BTREE;

--
-- Indexes for table `students`
--
ALTER TABLE `students`
  ADD PRIMARY KEY (`enrollment_no`);

--
-- Indexes for table `subjects`
--
ALTER TABLE `subjects`
  ADD PRIMARY KEY (`subject_code`);

--
-- Indexes for table `teachers`
--
ALTER TABLE `teachers`
  ADD PRIMARY KEY (`id`);

--
-- Indexes for table `timetable`
--
ALTER TABLE `timetable`
  ADD PRIMARY KEY (`id`);

--
-- Indexes for table `users`
--
ALTER TABLE `users`
  ADD PRIMARY KEY (`user_id`);

--
-- AUTO_INCREMENT for dumped tables
--

--
-- AUTO_INCREMENT for table `attendance`
--
ALTER TABLE `attendance`
  MODIFY `id` int(11) NOT NULL AUTO_INCREMENT, AUTO_INCREMENT=53;

--
-- AUTO_INCREMENT for table `attendance_noti`
--
ALTER TABLE `attendance_noti`
  MODIFY `id` int(11) NOT NULL AUTO_INCREMENT, AUTO_INCREMENT=62;

--
-- AUTO_INCREMENT for table `subjects`
--
ALTER TABLE `subjects`
  MODIFY `subject_code` int(11) NOT NULL AUTO_INCREMENT, AUTO_INCREMENT=469;

--
-- AUTO_INCREMENT for table `teachers`
--
ALTER TABLE `teachers`
  MODIFY `id` int(11) NOT NULL AUTO_INCREMENT, AUTO_INCREMENT=4;

--
-- AUTO_INCREMENT for table `timetable`
--
ALTER TABLE `timetable`
  MODIFY `id` int(11) NOT NULL AUTO_INCREMENT, AUTO_INCREMENT=175;

--
-- AUTO_INCREMENT for table `users`
--
ALTER TABLE `users`
  MODIFY `user_id` int(11) NOT NULL AUTO_INCREMENT, AUTO_INCREMENT=2;
COMMIT;

/*!40101 SET CHARACTER_SET_CLIENT=@OLD_CHARACTER_SET_CLIENT */;
/*!40101 SET CHARACTER_SET_RESULTS=@OLD_CHARACTER_SET_RESULTS */;
/*!40101 SET COLLATION_CONNECTION=@OLD_COLLATION_CONNECTION */;
